<Customization level="" description="" product-version="20.213">
    <Table TableName="Account">
        <Column TableName="Account" ColumnName="AccountCD" ColumnType="string" MaxLength="16" DecimalPrecision="0" DecimalLength="0" IsUnicode="True" />
    </Table>
    <Graph ClassName="CstAccountRawAttribute" Source="#CDATA" IsNew="True" FileType="NewFile">
        <CDATA name="Source"><![CDATA[using PX.Data;
using PX.Objects.GL;

namespace SegmentKeyAttribute
{
    [PXDBString(16, IsUnicode = true, InputMask = "")]
    [PXUIField(DisplayName = "Account", Visibility = PXUIVisibility.Visible)]
    public sealed class CstAccountRawAttribute : AcctSubAttribute
    {
        private string _DimensionName = "ACCOUNTCODE";

        public CstAccountRawAttribute() : base()
        {
            PXDimensionAttribute attr = new PXDimensionAttribute(_DimensionName);
            attr.ValidComboRequired = false;
            _Attributes.Add(attr);
            _SelAttrIndex = _Attributes.Count - 1;
        }
    }
}]]></CDATA>
    </Graph>
    <DAC type="PX.Objects.GL.Account">
        <Field FieldName="AccountCD" TypeName="string" TextAttributes="#CDATA" OverrideGeneratedAttributes="True" OverrideClassName="PX.Objects.GL.Account" StorageName="ExistingColumn">
            <CDATA name="TextAttributes"><![CDATA[using SegmentKeyAttribute;

[PXDefault()]
[CstAccountRaw(IsKey = true, Visibility = PXUIVisibility.SelectorVisible)]]]></CDATA>
        </Field>
    </DAC>
</Customization>